Customer Name,Row ID,Order Quantity,Sales,Discount,Profit,Unit Price
Aaron Bergman,100244,181,12516.745999999997,0.63,3155.1865000000003,824.474
Aaron Hawkins,155507,424,29435.4255,1.68,6326.6252,1537.064
Aaron Smayling,124661,351,11886.0155,4.15,1860.8254000000006,1459.5300000000002
Adam Bellavance,225496,389,19333.2,1.3399999999999999,1872.6485,2345.2780000000002
Adam Hart,355455,581,29364.601499999997,4.170000000000001,4353.029000000002,2571.345
Adam Shillingsburg,305072,424,23314.985500000006,5.110000000000001,2685.2874,1894.5549999999996
Adrian Barton,207723,157,37562.1055,5.020000000000001,-6408.2245,9226.684
Adrian Hane,142962,171,2531.334,4.080000000000001,-99.80459999999994,450.51000000000005
Adrian Shami,75196,139,4674.36,0.5,-1269.6703999999997,298.09000000000003
Aimee Bixby,118437,168,3880.3600000000006,1.7799999999999998,709.3697,417.082
Alan Barnes,120752,337,18442.8235,2.65,4473.072999999999,1216.094
Alan Dominguez,149936,187,22389.6365,0.98,-4440.610600000001,5281.567999999998
Alan Haines,114506,453,29648.250999999997,3.58,5283.149099999998,1409.6219999999998
Alan Hwang,186597,742,31023.247499999994,2.3800000000000003,1274.0646000000002,2497.0460000000003
Alan Schoenberger,173842,361,48832.709,1.44,7473.385099999999,2862.0519999999997
Alan Shonely,133028,213,6491.816500000002,3.950000000000001,799.7457999999999,588.8870000000001
Alejandro Ballentine,188760,297,16586.9235,1.71,1207.5175000000004,1193.1760000000004
Alejandro Grove,174951,473,86144.828,0.8900000000000001,21321.6599,3580.423999999999
Alejandro Savely,100365,208,19551.846,2.02,2603.1175999999996,1091.228
Aleksandra Gannaway,155868,572,22465.175499999998,1.46,1546.1483999999996,794.4380000000001
Alex Avila,105850,440,25147.4205,1.78,975.5874999999994,2823.9940000000006
Alex Grayson,123816,528,26319.733,2.9000000000000004,4072.902900000001,1014.539
Alex Russell,121088,297,8869.017,1.78,1266.1655999999998,1204.468
Alice McCarthy,181285,338,13738.497999999998,2.12,1672.5978000000005,772.1459999999998
Allen Armold,174603,230,7466.8499999999985,1.5799999999999998,1226.3523999999998,745.5179999999999
Allen Golden,15797,159,4582.392,0.28,525.73,226.71
Allen Goldenen,67184,33,200.945,1.7999999999999998,69.2784,47.357
Allen Rosenblatt,60563,165,8603.936500000002,1.0899999999999999,342.8854000000001,787.618
Alyssa Crouse,105173,201,11847.492,2.0300000000000002,-5834.1342,2583.6959999999995
Alyssa Tate,113434,139,2407.1265,2.2199999999999998,-422.8431999999998,610.05
Amy Cox,147507,485,16975.906,2.5000000000000004,2706.6197999999986,2746.152
Amy Hunt,190652,530,28700.7811,2.1500000000000004,3440.1699,1635.8624
Andrew Allen,152808,190,9797.472499999996,0.45,2848.3774,1070.034
Andrew Gjertsen,177848,204,3763.1949999999993,4.500000000000001,388.50680000000006,569.794
Andrew Roberts,157591,431,25088.819999999996,2.0900000000000003,768.3294999999999,1101.4090000000003
Andy Gerbode,118679,210,12953.124999999996,1.83,1604.6987,1177.782
Andy Reiter,120075,232,43646.328,1.0799999999999998,17565.8208,2724.2200000000007
Andy Yotov,105137,115,3132.364000000001,1.16,-295.7501,362.57000000000005
Anemone Ratner,69327,293,11853.0275,0.67,-24.56699999999993,763.51
Angele Hood,44850,90,16388.654,0.79,1492.5529999999997,1200.774
Ann Blume,89122,243,8576.841999999999,3.380000000000001,-2631.4604,1418.3669999999997
Ann Chong,152238,185,9814.309499999998,2.37,1756.1173,1306.8740000000003
Ann Steele,181516,291,15323.416500000001,2.8400000000000007,-1017.4781000000003,1263.2920000000001
Anna Andreadi,158761,258,14726.466999999997,1.53,1166.2733000000003,1555.429
Anna Chung,76498,70,1967.7010000000005,1.22,-787.9404,401.228
Anna Gayman,131559,122,5225.1681,2.58,-374.18569999999994,1056.5094000000001
Anna Haberlin,14867,217,10000.316499999999,0.37,-376.22999999999985,283.4
Anna H�berlin,193154,102,7888.294000000001,5.000000000000001,1298.0166,1461.8310000000001
Anne McFarland,198719,108,6123.951999999999,1.41,1188.2726000000002,1998.1229999999998
Anne Pryor,230234,502,28854.004999999994,3.9000000000000004,-1535.8811999999996,1620.5260000000005
Annie Cyprus,714,177,6874.590499999999,0.38000000000000006,985.9400000000002,351.81
Annie Thurman,255455,460,20596.736499999995,2.4,3729.8369999999995,1475.106
Annie Zypern,100776,40,1622.018,1.4999999999999998,154.95030000000003,405.07
Anthony Garverick,85229,270,12703.0545,2.71,-383.1309999999999,479.883
Anthony Jacobs,142079,81,5896.814,1.3199999999999998,142.59300000000005,1056.905
Anthony Johnson,183073,347,15778.010999999999,2.1999999999999997,2617.916399999999,1544.043
Anthony O'Donnell,50397,244,25422.499499999998,0.6200000000000001,7589.736,797.91
Anthony Rawles,199032,421,37941.98500000001,1.6500000000000001,1983.5552,2301.484
Anthony Witt,82281,201,12084.015999999998,1.8499999999999999,-1502.5974999999999,638.162
Arianne Irving,206508,305,13892.048999999999,1.9099999999999997,1847.2671,1399.1319999999998
Art Ferguson,151431,396,25892.771999999997,3.820000000000001,2145.6112000000003,1745.643
Art Foster,148576,380,19864.532499999998,2.6000000000000005,2529.5125000000003,1163.907
Art Miller,96564,245,25643.831499999997,0.62,1585.0900000000004,1652.3500000000001
Arthur Gainer,244354,383,23275.862000000005,4.0600000000000005,3732.5824000000007,1609.6500000000003
Arthur Prichep,312685,428,27521.73799999999,3.4400000000000013,-1100.2787000000003,3878.850000000001
Arthur Wiediger,145027,238,16543.758,5.1000000000000005,938.4013999999999,1202.048
Ashley Jarboe,202205,535,25674.286,1.3499999999999999,5857.3652,1485.1260000000002
Astrea Jones,87372,209,7919.365,0.97,-2681.1834999999996,500.5640000000001
Barbara Fisher,124827,440,20072.941499999997,2.9,1280.5284,963.3740000000001
Barry Blumstein,156941,364,17438.788,2.09,3497.3139000000006,846.968
Barry Franz,112764,210,25447.030000000002,2.28,7356.668900000001,1278.2800000000002
Barry Franz�sisch,176358,78,2888.506,5.400000000000001,302.02,970.402
Barry French,608,160,15179.61,0.15,-1425.9699999999998,350.81
Barry Gonzalez,167677,648,63481.915,3.2800000000000002,7872.162600000001,2946.7879999999996
Barry Pond,108754,257,5950.999999999999,1.3800000000000001,302.043,734.0200000000001
Barry Weirich,63749,172,40510.50600000001,0.8500000000000001,4726.0734,3134.6420000000003
Bart Folk,91088,228,4233.26,0.4,-843.0927999999999,410.87000000000006
Bart Pistole,174365,125,3662.1839999999997,3.370000000000001,619.4851,814.186
Bart Watters,150271,248,23584.573499999995,2.4399999999999995,5743.237400000001,2650.013
Becky Castell,157761,212,9801.986499999999,2.4000000000000004,35.82739999999984,1438.2220000000002
Becky Martin,151674,239,35079.529000000024,3.0100000000000007,2539.0518999999995,2619.594
Becky Pak,195031,336,52076.02049999999,1.74,12412.544699999999,2562.535
Ben Ferrer,251103,236,8885.960000000001,3.700000000000001,448.0926999999997,3217.1130000000003
Ben Peterman,174468,232,17720.7455,3.71,2883.189099999999,1274.269
Ben Wallace,113056,259,31338.436,1.85,1408.3373000000001,2447.009999999999
Benjamin Farhat,125777,411,24585.912,1.0,8918.173300000004,1092.8899999999999
Benjamin Patterson,107155,174,10540.074499999997,0.9700000000000001,-2162.0294999999996,930.424
Benjamin Venier,172003,393,44147.57,1.68,5394.791400000002,2173.565000000001
Berenike Kampe,186224,363,12200.105,3.66,1214.7355999999997,453.6940000000001
Beth Fritzler,82829,251,16079.663000000004,0.98,332.4801999999999,750.856
Beth Paige,135554,305,9581.101999999999,5.260000000000001,1087.5663000000004,1012.9649999999999
Beth Thompson,93670,486,29782.602999999996,1.4300000000000002,-1100.8582000000006,2034.2359999999999
Bill Donatelli,203483,695,39598.79499999997,2.5400000000000005,6076.563700000001,2913.449000000001
Bill Eplett,137709,442,32280.467,0.9100000000000001,202.25389999999982,2639.096
Bill Overfelt,145589,339,26955.114000000005,3.41,930.5569999999999,1779.3509999999999
Bill Shonely,147099,383,26907.001,0.85,3826.7043999999996,2115.589
Bill Stewart,122336,150,8540.163999999999,3.980000000000001,-2322.7321999999995,1930.6320000000003
Bill Tyler,103279,182,27462.752999999997,1.7199999999999998,5192.886300000002,1269.093
Bobby Elias,131650,400,29238.8955,1.63,2586.0651000000003,2421.4040000000005
Bobby Odegard,59901,295,10100.195,0.54,614.3921999999999,490.29
Bobby Trafton,153634,660,31783.2245,2.11,2647.1844,1246.8300000000002
Brad Eason,121189,360,9431.012,2.5499999999999994,-334.1592000000001,972.4779999999998
Brad Norvell,60490,141,9247.857,1.2599999999999998,974.0431000000001,890.08
Brad Thomas,241949,879,37324.71,1.8600000000000008,1700.0994,1723.2440000000004
Bradley Drucker,183256,505,32322.852999999996,2.25,6041.9825,1779.9530000000004
Bradley Nguyen,161645,271,8429.774,0.7,-632.4245999999998,727.6639999999999
Bradley Talbott,95965,136,5339.732,1.1600000000000001,-2421.2916999999993,762.4460000000001
Brenda Bowman,210870,310,25639.458000000002,4.21,481.8650000000002,1986.694
Brendan Dodson,35981,173,17897.21,0.39,3723.553999999999,1125.4
Brendan Murry,152742,358,30103.121999999992,2.33,3247.4616,1291.0800000000004
Brendan Sweed,168855,279,25642.728000000003,3.38,4045.4807,2367.513
Brian Dahlen,205081,251,12277.961,1.9799999999999998,337.6062999999999,1256.7050000000002
Brian DeCherney,131739,244,5145.6900000000005,1.8499999999999996,-42.023100000000014,617.1579999999999
Brian Derr,49089,173,13559.046,0.65,348.62399999999997,590.116
Brian Moss,290875,407,18489.868999999995,2.91,2727.8481,2820.149000000001
Brian Stugart,163140,403,29178.07,2.68,1262.0868,2033.184
Brian Thompson,180531,216,4850.002,1.5899999999999999,697.9283999999998,899.104
Brooke Gillingham,138312,230,37553.452,1.59,7534.451499999999,1872.6399999999999
Brosina Hoffman,238509,248,30380.741000000005,4.709999999999999,1371.6598000000008,4987.597
Bruce Degenhardt,142460,389,23001.718500000003,0.72,2218.1791,1204.3740000000003
Bruce Geld,58786,22,1006.356,1.0,119.34790000000001,261.526
Bruce Money,24119,55,1167.0300000000002,0.02,-128.05,121.68
Bruce Stewart,147995,299,10302.001999999999,2.07,1652.0816,1212.33
Bryan Davis,84663,94,3013.1659999999997,1.3599999999999999,-186.91500000000002,768.024
Bryan Mills,119896,255,22030.131,3.830000000000001,4758.983899999998,1348.0649999999998
Bryan Spruell,150938,318,8377.668999999998,0.42,105.66159999999991,889.28
Candace McMahon,113057,324,5103.638000000001,1.6699999999999997,45.962999999999994,469.70000000000005
Cari MacIntyre,69581,420,35594.996000000014,0.7600000000000001,3601.53,1526.9799999999998
Cari Sayre,183328,467,51981.92050000001,3.0700000000000003,5002.167600000001,3578.5800000000004
Cari Schnelling,61213,175,8452.662,2.02,1250.5975,831.752
Carl Jackson,9885,202,14467.9365,0.6799999999999999,3588.732,466.03399999999993
Carl Ludwig,60267,190,15405.674,0.77,-591.3753000000002,1001.4760000000001
Carl Weiss,186491,534,28619.982999999997,1.92,3839.2797999999993,1164.3899999999999
Carlos Daly,78861,287,35758.7035,0.8200000000000001,9645.110999999999,2364.4880000000003
Carlos Meador,125277,530,31300.759000000002,1.9,-3888.1824000000006,1704.3640000000005
Carlos Soltero,198155,964,58611.63500000002,7.800000000000003,-135.59230000000022,2533.9190000000003
Carol Adams,96738,167,9326.5528,1.3399999999999999,2108.0917,1573.6564
Carol Darley,117347,298,10570.5175,3.0300000000000002,-1459.2272000000003,655.518
Carol Triggs,191931,318,10302.237500000001,3.4800000000000004,-1721.4636999999993,1317.547
Caroline Jumper,211751,377,30996.05049999999,4.5600000000000005,1460.5514,4021.5779000000007
Cassandra Brandow,250123,225,9061.699,4.420000000000002,577.9089,1202.394
Catherine Glotzbach,139021,270,5316.488999999999,2.11,-666.3394000000001,537.199
Cathy Armstrong,149511,404,24782.566500000004,3.5300000000000002,-215.5641,1215.376
Cathy Hwang,47231,107,5849.2695,0.8600000000000001,93.11110000000001,835.594
Cathy Prescott,137601,168,28630.104,2.2700000000000005,7367.295799999998,1689.4
Chad Cunningham,110893,170,3257.0450000000005,3.0500000000000003,743.0211999999998,629.4230000000001
Chad McGuire,78026,171,6783.53,0.54,1311.4979000000003,750.94
Chad Sievert,74269,298,30469.85,1.3699999999999999,9152.8039,1281.864
Charles Crestani,203902,486,42502.475499999986,1.6600000000000001,5921.7225,2363.064
Charles McCrossin,60777,271,27578.734000000008,2.0300000000000002,5959.721399999999,1259.9919999999997
Charles Sheldon,77264,240,17823.124,1.6199999999999999,410.6105000000003,756.952
Charlotte Melton,60871,172,8663.264,0.5700000000000001,2878.2432999999996,839.22
Chloris Kastensmidt,299640,236,19333.745,7.700000000000002,2845.923100000001,2543.2050000000004
Chris Cortes,219863,232,25991.151,2.9400000000000004,-3221.2182000000003,4118.556
Chris McAfee,81134,57,2655.8920000000003,0.65,434.23869999999994,449.826
Chris Selesnick,256055,250,12472.863999999998,1.7699999999999998,3631.5425999999998,1056.0700000000002
Christina Anderson,185921,324,27784.597199999997,3.4300000000000006,601.6582999999998,1295.4704
Christina DeMoss,131474,228,18285.717999999993,1.5000000000000002,1505.4674,1087.488
Christina VanderZanden,109174,54,2830.6279999999997,1.0,493.08609999999993,875.126
Christina Vanderzanden,24702,627,22776.3185,0.9900000000000001,1467.0800000000004,980.7299999999999
Christine Abelman,228940,496,46787.7045,2.0300000000000002,7519.0218,1815.4620000000002
Christine Kargatis,104229,76,3238.541,2.28,317.30090000000007,741.615
Christine Phan,141336,258,13607.2875,3.51,-1114.0229000000002,1703.1130000000003
Christine Sundaresam,202617,375,20623.012000000002,2.28,-821.4868000000008,1424.97
Christopher Conant,191586,243,21595.048000000003,3.6000000000000005,-3647.0806999999995,5440.331999999999
Christopher Martinez,212771,525,46243.08599999998,2.0900000000000003,10178.700399999998,3159.0440000000003
Christopher Schild,124481,358,19622.394999999997,3.6800000000000006,1121.4567,2081.3355
Christy Brittain,239154,648,31011.067499999994,5.5600000000000005,-3269.5917,1889.8890000000004
Chuck Clark,273850,606,38898.456499999986,2.08,8737.128299999995,2159.092
Chuck Magee,83657,143,4754.249999999998,0.9100000000000001,167.62959999999998,283.04600000000005
Chuck Sachs,111078,370,26455.245000000006,1.3300000000000003,-864.1407000000004,2198.3260000000005
Cindy Chapman,238999,523,28921.335499999997,3.16,3890.4709999999995,1620.0100000000002
Cindy Schnelling,121512,315,31564.30899999999,3.05,8239.883899999999,1196.7655
Cindy Stewart,140772,191,18257.625,2.3200000000000003,-5147.2895,2447.181
Claire Good,63397,225,8867.9435,0.5,-483.2100000000001,312.09999999999997
Claire Gute,41990,14,1148.7800000000002,1.0,169.93439999999993,411.28
Claudia Bergmann,159562,74,4246.4555,0.95,1049.5601,993.0235000000001
Claudia Miner,3127,141,4561.825999999999,0.46,-379.4199999999999,398.8499999999999
Clay Cheatham,74759,114,42369.00000000001,0.77,-3765.8994000000007,4140.59
Clay Ludtke,257769,258,15308.6155,3.530000000000001,2450.8231,3010.5939999999996
Clay Rozendal,51012,156,8760.2885,1.06,1772.8413000000003,529.08
Clytie Kelty,309562,568,65562.7,5.49,19290.519799999995,2513.12
Corey Catlett,160107,305,18572.865999999995,3.9300000000000006,-30.045999999999967,1409.4570000000003
Corey Lock,67513,286,24161.9505,0.48000000000000004,-8392.04,702.7800000000001
Corey Roper,45945,95,4545.535999999998,0.16,141.4794,295.46
Corey-Lock,67184,30,1300.076,1.4,205.62820000000002,410.28999999999996
Corinna Mitchell,97671,168,21278.547599999994,1.01,3209.4285,1935.5224000000003
Craig Carreira,123433,55,43612.91149999999,2.4400000000000004,4040.0298999999995,7615.3875
Craig Carroll,154327,271,14347.245,3.6100000000000003,2067.2091000000005,1222.88
Craig Leslie,137444,263,31851.069999999996,1.8399999999999999,6198.719899999999,1294.9620000000002
Craig Molinari,161503,276,26554.829900000008,4.28,781.5708,1454.0403999999999
Craig Reiter,50388,18,1600.55,1.5999999999999999,306.9176,521.869
Craig Rider,11098,95,8502.271999999999,0.06,2238.57,210.97
Craig Yedwab,124976,231,19260.898,2.6500000000000004,1345.7867,1418.4379999999999
Cyma Kinney,166905,163,3892.3389999999995,2.33,-6.141099999999989,429.44499999999994
Cynthia Arntzen,250048,657,34649.04200000001,4.48,4215.1395,1933.06
Cynthia Delaney,194688,441,32708.7735,0.98,6337.6622,1491.2860000000005
Cynthia Voltz,188798,256,8402.101599999998,4.81,-430.1825,1120.9383999999998
Cyra Reiten,101077,223,18232.242399999996,1.24,-8446.399700000002,4023.574399999999
Damala Kotsonis,286177,437,26226.733999999997,5.590000000000001,2035.7027999999991,2020.0940000000003
Dan Campbell,266994,592,31746.102499999994,5.020000000000001,1609.7387000000006,1736.815
Dan Lawera,145082,379,24607.281999999996,2.75,2710.9549,1606.2300000000005
Dan Reichenbach,205233,284,9996.764,3.430000000000001,2173.1013000000003,2023.93
Dana Kaydos,139404,330,24741.665500000003,1.6799999999999997,-4258.6404,1863.1380000000001
Daniel Byrd,155913,311,10036.679,2.04,-209.98520000000008,744.5009999999999
Daniel Lacy,155610,246,8762.198000000002,0.92,-45.34679999999992,1619.875
Daniel Raglin,119453,131,11672.728,2.31,3054.056,1466.68
Dario Medina,127762,188,20259.454,2.03,5394.838299999999,1023.0060000000003
Darren Budd,234763,1183,84416.57070000001,4.1800000000000015,2070.6629000000003,3511.953200000001
Darren Koutras,91711,183,4124.0995,1.34,-1609.5938,485.417
Darren Powers,203161,413,10337.998999999998,4.140000000000001,-2127.3276,788.5869999999999
Darrin Martin,194719,258,8419.663,4.990000000000001,1754.7330999999997,1770.905
Darrin Sayre,199806,291,25100.693000000007,3.1300000000000003,2745.6719,1691.6650000000004
Darrin Van Huff,125631,227,7162.508,1.94,714.0559999999997,559.1685
Dave Brooks,137066,226,20071.715999999993,2.650000000000001,141.05720000000017,1671.3520000000003
Dave Hallsten,247577,608,28520.912000000008,2.920000000000001,1229.6604,2709.609999999999
Dave Kipp,207525,441,28052.73,2.7500000000000004,-12394.196499999998,6124.022000000002
Dave Poirier,205002,578,31464.088000000003,2.56,5397.996099999999,1862.5960000000005
David Bremer,167096,164,5182.426000000001,2.3,-2115.9791999999998,781.95
David Flashing,67798,184,11955.014,2.05,-3575.4197000000004,1073.982
David Kendrick,86973,170,14987.368000000002,0.98,576.9046999999999,869.7440000000001
David Philippe,54899,312,17035.1505,1.06,-742.8476000000005,2042.166
David Smith,184418,222,6074.683299999998,3.37,424.92929999999984,956.9414
David Wiener,97972,228,4108.981,2.6000000000000005,-520.8937999999999,517.237
Dean Braden,181248,113,7617.400000000001,3.9699999999999998,1118.8879000000002,1037.807
Dean Katz,208796,143,16663.905999999995,3.960000000000001,920.0793999999999,2869.1790000000005
Dean Percer,53935,317,34987.7715,0.45000000000000007,9391.55,1329.19
Dean percer,243542,99,7198.760999999999,5.400000000000002,333.3648,2338.725
Deanra Eno,189241,464,25752.153999999995,2.1700000000000004,1476.0414,2002.3839999999998
Deborah Brumfield,208337,606,102089.03249999997,3.5500000000000007,31963.046399999992,3787.260999999998
Debra Catini,111527,293,9596.537999999999,1.26,-991.9917999999997,1021.997
Deirdre Greer,85021,164,14542.4715,0.98,3648.8361000000004,813.476
Delfina Latchford,144139,228,5000.015999999998,3.3200000000000003,607.6432,571.01
Denise Leinenbach,86945,111,15998.97,0.73,818.2212000000001,859.5780000000002
Denise Monton,260637,666,26587.641999999985,2.4699999999999998,3900.188600000001,2384.8740000000003
Dennis Bolton,78332,414,18181.406000000006,1.22,2982.3185000000008,1121.3980000000001
Dennis Kane,266112,602,79286.07650000002,3.790000000000001,10833.599899999994,6377.823999999996
Dennis Pardue,235013,596,26853.7015,3.5700000000000003,2174.8617999999997,4700.705999999999
Denny Blanton,145542,155,14680.880000000001,0.6900000000000001,-955.4907999999997,1040.394
Denny Joy,81117,205,25323.39,0.49,7321.035,1085.81
Denny Ordway,164375,236,14216.3405,2.39,1685.7813999999998,1058.5405
Dianna Arnett,87040,228,14289.5495,1.29,3603.9604000000004,527.1080000000001
Dianna Vittorini,204300,327,18656.125500000002,2.1999999999999997,4250.752700000002,1654.1510000000005
Dianna Wilson,106618,117,14882.988000000001,0.53,578.4256,1780.2760000000003
Dionis Lloyd,142341,266,15394.669499999995,1.2,-326.958,1510.2820000000002
Don Jones,110447,169,10901.009,1.16,-3000.6279000000004,2352.334
Don Miller,86043,232,13053.362000000001,2.08,1823.4187999999997,1145.758
Don Weiss,105998,97,4552.128,1.87,385.28720000000004,521.29
Dorothy Badders,119506,328,21429.892799999998,2.4900000000000007,-3670.303000000001,2677.4923999999996
Dorothy Dickinson,77238,80,467.6219999999999,2.22,69.12440000000001,123.462
Dorothy Wardle,88613,439,29803.416500000003,2.5900000000000003,-1183.0866000000003,3870.638
Dorris Love,48399,279,15867.250000000002,0.74,4001.33,484.5400000000001
Dorris liebe,50388,19,755.602,1.3,175.2388,249.482
Doug Bickford,100696,604,43148.698000000004,2.880000000000001,8262.671199999999,2493.3779999999997
Doug Jacobs,83617,166,16322.635000000002,0.6799999999999999,4945.7144,867.1279999999999
Doug O'Connell,117058,100,1988.9660000000001,1.14,122.29760000000002,414.53200000000004
Duane Benoit,116784,260,21523.5565,2.17,1141.0835,1485.8360000000002
Duane Huffman,130369,496,20711.269500000002,2.11,1193.287,875.8989999999998
Duane Noonan,158333,257,32509.57999999999,0.45,-2017.8295000000003,3733.8839999999996
Ed Braxton,333417,1113,79447.73799999997,4.690000000000002,6644.801499999998,4677.1539999999995
Ed Jacobs,104415,176,16049.8465,1.87,1275.1476000000002,1005.1339999999999
Ed Ludwig,47993,447,18492.699999999997,0.6100000000000001,5128.4354,582.9200000000001
Edward Becker,208231,597,21385.873999999996,3.7700000000000005,919.764,1604.2620000000004
Edward Hooks,270609,386,44843.64000000001,2.7400000000000007,7067.435399999996,4300.5599999999995
Edward Nazzal,130283,734,56711.1695,1.6800000000000002,9595.5431,2506.5179999999996
Eileen Kiefer,47145,170,11055.014,0.5800000000000001,-95.41339999999998,654.3570000000001
Eleni McCrary,85714,237,33086.15000000001,1.37,2501.3024999999993,1604.7040000000002
Elizabeth Moffitt,168682,203,8547.243,1.3399999999999999,1368.7142000000003,1166.2240000000002
Ellis Ballard,104278,268,29560.284499999998,1.4300000000000002,5729.758799999999,1391.094
Elpida Rittenbach,66868,211,10923.085999999998,1.27,1035.3502,794.394
Emily Burns,105343,92,3341.1989999999996,3.3200000000000003,230.04149999999996,803.0889999999999
Emily Ducich,142582,164,29694.570000000003,3.3600000000000008,6392.2335,1429.926
Emily Grady,183647,526,30606.033500000005,2.74,6633.315600000001,1602.892
Emily Phan,309144,393,122602.49879999999,6.700000000000001,34150.39779999999,9372.669399999995
Eric Barreto,190063,609,25714.444,2.500000000000001,4423.794199999999,1732.4760000000003
Eric Hoffmann,177988,266,7984.3369999999995,5.380000000000001,525.4997999999999,533.417
Eric Murdock,73679,100,1277.032,1.54,-224.19400000000002,485.31199999999995
Erica Bern,61285,606,62603.7845,2.64,544.1480999999995,5822.665
Erica Hackney,96726,237,9434.300000000001,0.7100000000000001,2154.9859,636.8900000000001
Erica Hernandez,127757,337,12771.815999999999,2.46,-557.4608,1099.5340000000003
Erica Smith,174322,406,39214.371999999996,1.7999999999999998,4539.473500000001,1995.8560000000004
Erin Ashbrook,231786,253,10434.845999999998,8.110000000000003,447.3394,1985.6000000000004
Erin Creighton,97270,533,36187.0035,1.4699999999999998,6056.465599999999,1831.911
Erin Mull,101808,282,32508.015499999994,1.9099999999999997,10817.814599999998,1362.9540000000002
Erin Smith,179519,210,11847.413999999997,5.440000000000001,1646.6360999999997,1604.9779999999998
Eudokia Martin,95809,130,8954.401999999998,1.22,1906.3461999999997,765.4520000000001
Eugene Barchas,94254,340,25757.338999999996,3.010000000000001,2634.0856000000003,1814.944
Eugene Hildebrand,176615,376,24227.373,4.3500000000000005,-2013.1997999999987,1576.1630000000005
Eugene Moren,250324,386,24595.149,1.9499999999999997,5356.965499999998,2218.7720000000004
Eva Jacobs,164149,415,27101.703500000003,1.39,5090.205500000002,1982.7269999999999
Evan Bailliet,99812,158,4380.2685,1.9399999999999997,27.83010000000003,568.844
Evan Henry,121345,223,8833.699499999999,3.0600000000000005,657.4007,930.0980000000001
Evan Minnotte,37626,197,18652.881999999998,0.8500000000000001,-104.52789999999995,1129.884
Filia McAdams,142369,317,32225.06749999999,1.7699999999999998,5076.5708,1712.9740000000006
Frank Atkinson,159945,306,19139.628500000003,4.770000000000001,1987.6229,1792.6649999999995
Frank Carlisle,124015,90,6228.822,2.07,-499.6937999999999,1383.046
Frank Gastineau,126156,217,15390.068,1.52,-177.9703,754.8960000000002
Frank Hawley,253976,379,38557.789499999984,3.2500000000000004,3670.1876000000007,2968.4600000000005
Frank Merwin,297429,461,38846.25750000001,4.380000000000001,5266.889499999999,3336.2940000000003
Frank Olsen,157654,148,4627.3279999999995,3.370000000000001,303.7469,753.0719999999999
Frank Preis,117572,54,4046.7460000000005,1.9000000000000001,406.4473000000001,1004.897
Frank Price,1380,125,8811.6155,0.24,2372.28,323.36
Fred Chung,109480,202,7943.527,1.89,1033.8426000000002,1024.352
Fred Harton,244124,533,22735.551999999996,2.23,634.7490000000001,1421.095
Fred Hopkins,116288,108,7956.064999999999,1.9000000000000001,1874.2726,1548.6750000000002
Fred McMath,170164,523,28130.604,2.8800000000000003,1965.9298,1606.1719999999998
Fred Wasserman,44899,229,7567.7080000000005,0.53,1029.4713,387.72999999999996
Gary Hansen,151396,160,5260.9169999999995,4.800000000000001,-303.6635,1050.821
Gary Hwang,150160,473,25944.100000000006,2.7300000000000004,-2746.8519,3540.9439999999995
Gary McGarr,127115,297,18102.753500000003,1.74,1320.7359999999999,1370.6019999999999
Gary Mitchum,111747,143,3926.694,2.2800000000000002,810.9114,724.688
Gary Zandusky,136565,282,22899.187999999995,1.55,3903.6639,2901.8630000000003
Gene Hale,34361,217,8008.8515,1.71,502.4402,684.2259999999999
Gene McClure,145652,241,8941.881999999998,1.97,-714.0615000000003,695.111
George Ashbrook,149340,422,15242.536499999998,1.7799999999999998,1895.189,1547.3839999999998
George Bell,188741,246,4521.3785,3.8,-282.4129,840.753
George Zrebassa,88598,323,18779.712000000003,1.0000000000000002,1531.3509999999999,1142.054
Georgia Rosenberg,97822,258,16931.87,0.35999999999999993,2724.7532000000006,806.7900000000001
Giulietta Baptist,138885,293,11008.957999999999,0.99,2530.6793000000002,1399.5200000000002
Giulietta Dortch,212788,759,60567.914999999986,2.2200000000000006,11349.537299999995,3223.3540000000007
Giulietta Weimer,94495,535,18028.314499999997,2.4399999999999995,-2343.6322999999993,1178.989
Grace Kelly,170317,268,10211.616499999998,2.64,468.12249999999995,2315.816
Grant Carroll,36536,739,88417.00249999997,1.1800000000000002,27977.290000000005,3276.99
Grant Donatelli,35073,156,15285.529999999999,0.41000000000000003,-1093.8400000000001,916.57
Grant Thornton,164016,454,24947.762499999997,2.14,-684.358899999999,3011.693
Greg Guthrie,214550,638,35314.420000000006,4.460000000000002,952.1685,2209.0060000000008
Greg Hansen,75197,225,14279.920800000002,1.23,5702.449799999999,513.4843999999999
Greg Matthias,166980,252,16419.873499999998,2.0100000000000002,-4123.853499999999,3716.2799999999997
Greg Maxwell,95957,148,22279.653999999995,0.76,4183.753499999999,1900.8959999999997
Greg Tran,265916,292,41939.53299999999,3.250000000000001,10849.466899999996,3575.058
Guy Armstrong,194216,454,20202.20399999999,4.58,-837.8421,1576.309
Guy Phonely,81811,203,10636.4055,1.3,165.8076,592.705
Guy Thornton,73628,299,18916.814499999993,1.9,4812.960799999999,703.712
Hallie Redmond,150580,194,12845.945999999998,1.3,-3953.6806,2760.6740000000004
Harold Dahlen,214636,633,46807.52200000001,3.530000000000001,6868.584,2208.7780000000002
Harold Engle,103107,579,53765.8145,1.21,12910.572799999998,2081.228
Harold Pawlan,151204,378,26321.760000000002,3.5300000000000002,1590.5637,1349.237
Harold Ryan,166228,422,41132.84699999997,1.88,11768.750400000004,2570.439
Harry Greene,109150,129,11980.498000000001,2.09,2483.6331999999993,529.5720000000001
Harry Marie,199228,357,23915.227799999997,5.09,631.1136000000002,2022.7744
Heather Jas,54071,134,1072.3400000000001,0.79,103.3548,154.106
Heather Kirkland,128185,245,22185.332000000002,3.5600000000000005,1808.2651000000003,2049.7400000000002
Helen Abelman,87578,264,18159.8595,2.57,2723.3173999999995,1069.316
Helen Andreada,219283,380,20962.96199999999,4.060000000000001,1299.4144999999999,1479.97
Helen Wasserman,264773,636,53716.618,1.92,2558.3111000000004,3650.9539999999997
Henia Zydlo,80698,228,13884.85,1.5499999999999998,-1285.2379,765.838
Henry Goldwyn,169687,311,29877.451500000003,3.2900000000000005,2089.5565,1953.7940000000003
Henry MacAllister,64934,60,2084.7374999999997,1.27,-10.704499999999996,249.142
Herbert Flentye,179325,109,6722.339000000003,2.72,-1181.8967999999998,1410.3970000000002
Hilary Holden,59706,428,34215.990999999995,0.99,2925.3741999999997,1878.3140000000003
Hunter Glantz,93572,121,10136.114,2.14,616.0413,1158.272
Hunter Lopez,114051,275,29327.647999999997,0.6700000000000002,5428.7192000000005,4595.683999999999
Ionia McGrath,122446,468,45187.2275,1.1700000000000002,12617.540100000002,2281.8059999999996
Irene Maddox,222625,246,24766.779,3.950000000000001,-5725.5073,4910.814999999999
Ivan Gibson,67155,102,1451.4540000000002,0.55,41.1382,313.9839999999999
Ivan Liston,167004,405,43921.206,1.8699999999999999,7769.017000000002,2839.92
Jack Garza,95184,202,15930.024999999998,2.28,1385.0611000000001,1315.348
Jack Lebron,113166,535,52370.75499999999,4.450000000000002,-1706.0956,3164.1400000000003
Jack O'Briant,251962,721,60229.64299999999,2.460000000000001,11941.3945,2849.8330000000014
James Galang,233338,461,24299.18299999999,2.7600000000000002,1885.4263999999998,2673.9559999999997
James Lanier,87777,399,31418.493000000002,2.3099999999999996,6071.9417,1302.5269999999996
Jamie Frazer,180228,157,6260.375999999999,2.65,101.40589999999989,966.3020000000002
Jamie Kunitz,111290,201,32269.201999999994,2.07,9896.723,2228.8469999999998
Jane Waco,146034,283,12320.261499999999,1.2,3005.8894,1824.362
Janet Lee,148142,371,23625.7875,2.8400000000000007,3130.4674000000005,1701.174
Janet Martin,200136,371,37542.96199999999,5.88,10621.5735,2178.05
Janet Molinari,120420,141,3152.7860000000005,2.04,596.9743000000001,419.544
Jas O'Carroll,150196,453,20916.500499999995,2.7600000000000002,659.6762000000002,1173.3900000000003
Jason Fortune,52602,283,22455.015499999998,0.4800000000000001,4338.1,919.03
Jason Fortune-,117572,42,955.124,1.5999999999999999,97.28899999999997,588.716
Jason Gross,97356,97,3724.6200000000003,2.9000000000000004,530.6676,782.818
Jason Klamczynski,73803,331,23458.281000000003,1.03,-1174.8022999999998,864.0839999999998
Jasper Cacioppo,76798,297,61421.352999999996,1.43,488.32440000000054,8218.868999999999
Jay Fein,134368,58,1911.844,1.2,330.199,747.6379999999999
Jay Fine,67967,308,28113.7805,0.7100000000000001,-145.8599999999999,1032.02
Jay Kimmel,158916,217,19138.93199999999,2.3,1800.7738,1115.8179999999998
Jenna Caffey,111414,330,11706.616499999998,0.76,-1585.3556000000003,1140.174
Jennifer Braxton,140553,242,14804.742500000002,3.8200000000000003,949.2032000000002,1966.539
Jennifer Ferguson,162944,335,23370.115499999996,1.5699999999999998,2655.5775999999996,1524.0380000000002
Jennifer Halladay,70092,242,17608.761000000002,2.4699999999999998,4488.322899999999,580.115
Jennifer Jackson,113394,328,12023.838,0.9999999999999998,735.4157999999999,697.422
Jennifer Patt,238154,478,44025.138,3.17,5946.266499999999,2373.5310000000004
Jeremy Ellison,115746,140,6912.812000000001,2.57,1179.5497,712.2059999999999
Jeremy Farry,133324,64,1168.638,2.3600000000000003,-11.257300000000015,418.31800000000004
Jeremy Lonsdale,198022,485,22984.5095,2.21,2952.5463,1748.56
Jeremy Pistek,204536,291,10623.364500000003,1.54,-312.9598000000001,1655.6470000000002
Jessica Myrick,139608,304,12029.363,1.4699999999999998,-940.9505000000003,985.1919999999999
Jesus Ocampo,103267,181,10652.408000000001,2.89,2357.8609,578.644
Jill Fjeld,169995,247,9413.771999999999,2.9700000000000006,1229.9888,1186.4970000000003
Jill Matthias,108373,164,13928.001,1.14,-5514.589599999999,2423.5099999999998
Jill Stevenson,102773,254,28674.144499999995,2.97,7528.881,1201.9020000000003
Jim Epp,263494,514,40086.48949999999,4.07,9459.5019,3595.842
Jim Karlsson,162984,351,24242.939000000002,2.03,1016.7885,2048.6360000000004
Jim Kriz,153623,462,24294.593499999995,1.9499999999999997,3173.6303,1669.0220000000002
Jim Mitchum,124416,294,8717.305499999999,2.49,559.704,674.471
Jim Radford,27005,242,37134.79699999999,1.3,686.8355,1545.054
Jim Sink,118435,435,34623.051,2.8900000000000006,998.2808000000003,1307.6390000000001
Jocasta Rupert,28324,104,24971.28,0.30000000000000004,6896.724999999999,2279.47
Joe Elijah,223150,350,12836.271499999999,7.480000000000001,938.2726,2383.429
Joe Kamberova,180880,169,10628.509999999998,6.79,-644.9716999999999,1489.382
Joel Eaton,238912,225,14785.1745,3.74,970.7067,2371.2149999999997
Joel Jenkins,32078,96,1060.26,0.39,-72.13080000000001,95.69200000000001
John Castell,187456,421,37596.376500000006,2.8000000000000003,7834.2892,2929.223
John Dryer,129131,309,13579.441999999997,1.68,907.4074999999996,1412.0020000000002
John Grady,82057,117,3271.728,0.66,762.3018999999999,360.23600000000005
John Huston,84606,100,4568.010000000001,1.27,302.0622000000001,461.78800000000007
John Lee,371202,763,32603.882999999998,4.010000000000001,838.0469999999997,3676.585999999999
John Lucas,166108,591,82421.44349999995,3.4800000000000004,13504.984599999998,3332.640000000001
John Murray,202483,392,44661.102499999986,3.1099999999999994,8829.566399999996,2686.3170000000005
John Stevenson,104842,173,52528.89300000001,1.65,19414.909799999994,2854.1503999999995
Jonathan Doherty,397422,724,44956.01750000002,3.5000000000000004,7125.526799999999,2939.7599999999993
Jonathan Howell,89597,162,3795.1934999999994,1.54,135.77549999999997,458.783
Joni Blumstein,97126,420,23079.6055,3.25,4499.319199999999,987.2189999999999
Joni Sundaresam,76367,107,1119.939,2.96,-474.5536,127.443
Joni Wasserman,156427,289,8113.921999999999,1.54,-1185.1058999999998,1183.106
Joseph Airdo,254026,452,22411.836499999998,5.810000000000001,2218.2782999999995,1970.173
Joseph Holt,133688,178,17381.498,1.2800000000000002,1129.8018000000004,1315.6480000000001
Joy Bell,2240,319,22948.7625,0.67,2501.8900000000012,732.3800000000001
Joy Bell-,58786,32,644.1188,0.52,126.76490000000001,251.4084
Joy Daniels,117939,149,5083.153499999999,3.66,606.2005,471.79300000000006
Joy Smith,169125,824,43285.32700000001,4.740000000000001,4821.732500000003,2366.312000000001
Julia Barnett,207409,665,82562.56700000001,2.5900000000000003,-1754.5714999999996,3441.1369999999993
Julia Dunbar,135535,470,21563.5395,1.05,849.5441000000002,1331.4759999999999
Julia West,61408,313,45450.151,2.7399999999999998,-14000.2263,1832.2450000000006
Juliana Krohn,181221,366,50419.67699999999,2.56,819.0925000000013,6493.651999999998
Julie Creighton,81228,208,5002.134,0.6799999999999999,32.015199999999965,554.414
Julie Kriz,178361,250,38226.963999999985,3.990000000000001,2366.2966000000006,2036.33
Julie Prescott,141712,251,22625.199999999997,2.34,4151.8516,1744.9539999999997
Justin Deggeller,169684,232,12428.174500000001,1.1800000000000002,1740.5798999999997,2319.0135000000005
Justin Ellison,110230,242,27961.397999999997,0.6699999999999999,5322.347599999999,1396.362
Justin Hirsh,67686,362,14560.066499999999,2.1900000000000004,261.8069999999999,1071.5110000000002
Justin Knight,15074,375,18807.251,0.6400000000000001,1365.6299999999997,980.1500000000002
Justin MacKendrick,181725,274,40509.736,1.4999999999999998,11787.984399999994,1623.6480000000004
Justin Ritter,83980,41,2201.6859999999997,2.1999999999999997,452.37300000000005,481.7939999999999
Kalyca Meade,177074,175,3922.1679999999997,0.56,965.4757000000003,785.706
Karen Bern,106957,158,4716.322500000001,1.68,874.6576,889.4090000000002
Karen Carlisle,176971,379,61434.276999999995,1.0599999999999998,22577.651700000002,2233.8240000000005
Karen Daniels,167476,282,21518.158,3.5500000000000007,-1541.7648000000002,2132.0939999999996
Karen Ferguson,179218,186,24253.3295,1.03,1390.8685999999998,2901.1820000000002
Karen Seio,89668,309,24579.9,1.77,3543.201,989.3089999999999
Karl Braun,184756,62,1569.4640000000002,4.300000000000001,49.71929999999998,629.417
Karl Brown,99932,663,44992.83099999999,1.28,9625.32,1625.0
Katharine Harms,182303,206,24226.954,2.75,3924.317099999999,1884.1480000000001
Katherine Ducich,126089,190,6048.3125,1.67,698.3842000000001,810.818
Katherine Hughes,168504,236,16196.959000000003,2.5300000000000002,791.3150999999998,2261.113999999999
Katherine Murray,196207,226,25333.1615,3.310000000000001,5946.510199999999,2467.114
Katherine Nockton,198221,377,27622.788,4.3500000000000005,-828.4017999999999,2044.6739999999998
Katrina Bavinger,88408,162,23492.9715,0.68,5534.287,981.1350000000002
Katrina Edelman,142102,104,1867.4912000000002,3.2900000000000005,294.6599,424.46639999999996
Katrina Willman,137277,352,29585.4165,1.69,456.495,1999.0
Kean Nguyen,102994,293,11449.887,2.75,2579.038300000001,680.8339999999998
Kean Takahito,133872,101,10627.242,3.270000000000001,1102.3132,1170.66
Kean Thornton,168148,276,11474.978399999996,2.4099999999999997,-240.74290000000025,1782.7084000000004
Keith Dawkins,321206,432,24191.7595,3.360000000000001,4274.7354000000005,4344.098999999999
Keith Herrera,215854,252,17213.934499999996,2.6800000000000006,835.3762,1870.6719999999998
Kelly Andreada,140505,217,19144.329499999993,1.09,2007.2694000000004,3172.5959999999995
Kelly Collister,59561,96,4380.072,1.2400000000000002,487.7719,370.75
Kelly Lampkin,209702,370,16007.078499999996,6.840000000000001,2177.8586999999998,1847.957
Kelly Williams,104116,327,17349.6855,0.72,-1918.8729999999998,1024.616
Ken Black,212221,183,5266.551999999999,2.5700000000000003,807.2050999999999,671.2890000000002
Ken Brennan,118819,259,24042.182000000008,2.96,-1685.0476000000003,1038.238
Ken Dana,201132,398,27773.977499999994,1.8699999999999997,2117.2118999999993,1554.2179999999998
Ken Heidel,174265,335,28222.160000000003,2.33,1689.6086000000012,3401.363999999999
Ken Lonsdale,305803,423,31479.90449999999,6.7,4837.095000000001,4183.165999999998
Khloe Miller,95355,390,22941.947999999997,1.16,-5047.1409,1010.5980000000001
Kimberly Carter,80563,363,15243.167000000005,1.0999999999999999,1879.1997,685.652
Kristen Hastings,179595,317,21886.518999999997,2.3600000000000003,3117.8690999999994,1840.1950000000002
Kristina Nunn,142630,446,16524.7595,2.48,862.4725000000001,1212.1380000000001
Kunst Miller,235144,98,4909.472000000001,2.5000000000000004,745.7685,1540.0780000000007
Larry Blacks,55357,103,2606.3979999999997,1.07,-21.97929999999999,179.352
Larry Hughes,33683,120,2280.4930000000004,1.31,-118.34230000000001,130.756
Larry Tron,154458,521,24359.233499999995,1.1300000000000001,3063.866,898.1260000000001
Laura Armstrong,259697,417,21067.712000000003,3.4300000000000006,1495.5498999999998,2832.698
Laurel Beltran,225592,117,9517.588000000003,5.840000000000002,-969.5910000000002,2432.3830000000007
Laurel Elliston,178100,431,30451.264499999997,3.34,5688.5549,2457.8689999999992
Laurel Workman,179665,181,23376.821,3.540000000000001,-12554.4733,7666.787999999998
Lauren Leatherbury,283708,707,37363.1435,1.4,-10592.822199999999,5130.258
Lela Donovan,25816,397,38017.3345,1.0899999999999999,8630.4541,1940.4279999999999
Lena Cacioppo,262118,280,5520.020000000001,7.490000000000001,132.22889999999992,902.43
Lena Creighton,303890,811,56123.261000000006,5.060000000000001,3392.746900000002,4189.056999999999
Lena Hernandez,131838,231,9303.758499999998,2.23,-268.7972999999999,784.0479999999998
Lena Radford,173612,315,10312.1095,3.3100000000000005,-41.10359999999989,1888.0420000000004
Linda Cazamias,126350,178,16612.716000000004,2.5700000000000003,4552.325999999998,1262.614
Linda Southworth,209076,554,29252.942499999994,5.300000000000001,3704.8763000000004,1975.6740000000002
Lindsay Castell,118431,235,19949.595999999998,2.6,3885.9701999999993,1456.6020000000003
Lindsay Shagiari,209096,185,9073.600500000004,6.620000000000001,-3715.8833,3216.894
Lindsay Williams,106770,100,11829.021499999999,1.42,4125.7939,1267.9180000000001
Lisa DeCherney,125507,699,69875.9345,1.22,4176.641400000001,2622.022
Lisa Hazard,135760,294,11777.541499999998,3.16,2763.4201000000003,582.951
Lisa Ryan,131491,149,5368.5960000000005,3.4799999999999995,-641.4279,759.1000000000001
Liz Carlisle,139892,250,14377.867999999999,3.11,1683.1580000000001,997.903
Liz MacKendrick,163047,622,77653.20549999998,1.3800000000000001,20352.362,3017.849999999999
Liz Pelletier,180178,354,17724.020999999993,1.92,378.1113000000001,1032.208
Liz Preis,125970,52,3653.3990000000003,2.8000000000000003,338.44539999999995,1363.109
Liz Price,46622,638,23662.430499999995,0.8200000000000002,3727.0200000000004,958.8300000000002
Liz Thompson,124024,162,3443.0519999999997,3.72,173.73299999999998,722.5519999999999
Liz Willingham,101159,427,34489.668,0.8,4704.4911999999995,1471.8600000000001
Logan Currie,178647,124,11153.981999999996,3.6500000000000004,1132.3152,1078.369
Logan Haushalter,207314,518,52402.63449999999,2.6400000000000006,18665.050199999998,2253.2970000000005
Lori Olson,98746,139,3838.38,2.51,1253.9712000000002,294.86800000000005
Luke Foster,171221,241,25161.508999999995,5.38,-1373.2369999999994,1209.715
Luke Schmidt,225984,496,28772.708000000002,3.9300000000000006,4571.757,1303.0180000000005
Luke Weiss,135196,368,20954.900000000005,3.0300000000000007,5373.3511,1684.786
Lycoris Saunders,149935,588,46798.53,1.9000000000000004,9427.015199999994,2638.5920000000006
Lynn Smith,157726,287,6379.536,1.46,-3281.9116,644.6560000000001
Magdelene Morse,80323,306,31726.973999999995,1.3800000000000001,6427.782,1990.9160000000002
Marc Crier,188775,407,37024.63199999999,2.4600000000000004,5507.5614,1743.2630000000001
Marc Harrigan,112741,137,6022.705500000001,2.6200000000000006,843.9512000000001,669.9569999999999
Maria Bertelson,200574,663,31154.708499999997,4.730000000000001,1905.565,2151.7870000000003
Maria Etezadi,192558,128,11882.976499999999,2.9100000000000006,1992.2595,2218.6279999999997
Maria Zettner,112684,315,20465.422,1.11,-3468.5809,3020.182
Maribeth Dona,224105,299,41125.90199999999,6.140000000000001,-3660.3299999999995,2094.9600000000005
Maribeth Schnelling,232054,235,9166.199999999999,4.090000000000001,459.56550000000004,1340.7610000000002
Maribeth Yedwab,164814,290,12908.104500000001,4.610000000000001,-790.4289000000001,2011.3290000000002
Marina Lichtenstein,172096,170,5961.754,3.7700000000000005,495.6962,1312.8419999999999
Maris LaWare,146907,140,7984.491999999999,2.6900000000000004,1112.9344999999996,1022.012
Mark Cousins,137625,834,75011.86549999999,2.850000000000001,10179.750300000003,3457.9900000000002
Mark Haberlin,111450,207,4128.602,1.23,-542.1614,334.405
Mark Hamilton,103533,83,2907.1719999999996,1.8599999999999999,393.70330000000007,682.8800000000001
Mark Packer,155029,346,12988.6975,2.12,2099.9072999999994,1172.8580000000002
Mark Van Huff,148303,150,15424.847499999998,3.7800000000000002,-468.1742,944.27
Mary O'Rourke,47967,132,5033.396999999999,1.24,467.44770000000005,556.669
Mary Zewe,92105,168,25755.122500000005,3.0500000000000003,9441.810300000001,1926.9740000000002
MaryBeth Skach,123033,326,14754.153,1.42,3385.6367999999993,674.79
Mathew Reese,112981,548,25652.1485,2.21,1886.5062999999996,987.278
Matt Abelman,311267,672,65261.508,4.410000000000001,-1016.6133999999997,4178.626
Matt Collins,98400,210,11882.261499999997,3.62,1382.2092999999998,1031.208
Matt Collister,208158,567,26150.994999999995,3.690000000000001,2170.0441,1618.4389999999999
Matt Connell,195942,416,26139.551999999996,4.550000000000001,5098.1186,1632.0899999999997
Matt Hagelstein,57179,80,1936.7,1.62,177.1312,389.15400000000005
Matthew Clasen,87706,111,1571.1039999999996,1.56,-132.7635,248.426
Matthew Grinstein,257506,567,42484.0655,2.5800000000000005,6418.1280000000015,2250.39
Maureen Fritzler,102269,285,13810.414499999999,1.5599999999999998,3589.8934999999997,725.727
Maureen Gastineau,163551,358,32235.698000000004,3.0100000000000007,4511.238600000001,1913.9950000000001
Maureen Gnade,58786,23,1342.282,1.8,-398.79319999999996,312.642
Maureen Grace,4908,43,3681.7495,0.01,1196.44,95.99
Maurice Satty,146031,104,2169.222,3.5700000000000003,177.57479999999998,511.852
Max Engle,157257,246,4589.475700000001,3.2999999999999994,-1590.6871999999998,882.5684000000001
Max Jones,182579,432,36131.736,3.8200000000000007,7077.142900000001,2735.8679999999995
Max Ludwig,142423,226,12994.615999999996,1.8899999999999997,2951.7312000000006,787.9660000000001
Maxwell Schwartz,253521,439,34073.51449999999,2.4800000000000004,-5762.9916,5547.627999999999
Maya Herman,147847,263,9478.384500000002,1.38,-175.17860000000002,1174.1660000000002
Meg O'Connel,120311,557,32244.808499999992,2.6,-7241.826300000001,1423.7160000000001
Meg Tillman,152070,408,32788.373499999994,1.9,2261.5568,1503.4810000000002
Melanie Page,27215,344,19415.425,0.5999999999999999,2808.3999999999996,803.0100000000001
Melanie Seite,41990,14,370.348,0.9000000000000001,19.4312,158.24200000000002
Michael Chen,147474,254,28947.450999999997,1.5999999999999999,4994.3674,2016.8360000000002
Michael Dominguez,129432,507,19875.5505,3.24,2348.8696999999993,1036.056
Michael Grace,155263,427,12127.652999999995,2.42,1277.5716,912.5450000000001
Michael Granlund,127545,394,11253.370499999999,2.2600000000000002,1624.7572000000002,890.103
Michael Kennedy,167477,317,8641.6795,5.550000000000001,-51.00589999999998,749.488
Michael Moore,164809,201,18871.933,3.3000000000000007,26.334999999999944,2004.9770000000003
Michael Nguyen,90556,147,19887.325999999997,2.7200000000000006,4717.8927,972.7379999999999
Michael Oakman,120549,470,47194.292000000016,2.19,411.30260000000004,3577.4580000000005
Michael Paige,186809,233,13095.152000000002,5.48,1481.2762999999998,1665.954
Michael Stewart,140948,226,6995.375,2.5100000000000002,-512.6039999999998,619.368
Michelle Arnett,112918,416,13982.867500000002,1.04,490.28219999999993,1156.98
Michelle Ellison,97686,505,35565.833999999995,1.8299999999999998,1199.0204,2944.3540000000003
Michelle Huthwaite,120837,380,16880.760499999993,1.9100000000000001,2180.3832,1692.6260000000002
Michelle Lonsdale,37423,304,35266.3345,1.5600000000000003,8074.926200000002,1882.5140000000004
Michelle Moray,242896,506,35805.07850000002,4.720000000000001,6492.0457,1798.2500000000002
Michelle Tran,133234,358,11493.705300000001,3.37,-4330.0363,1168.3074000000001
Mick Brown,130067,208,15584.451000000001,2.2600000000000002,2589.2057,984.932
Mick Crebagga,261663,592,33261.294000000016,6.15,-769.8068000000001,2294.1879999999996
Mick Hernandez,196907,178,6296.473,3.8,-176.09539999999998,1440.807
Mike Caudle,108764,232,21162.647999999997,0.8200000000000001,5874.196500000001,1679.0300000000004
Mike Gockenbach,112410,327,13882.083,1.8099999999999998,220.69700000000006,1458.8470000000002
Mike Kennedy,112840,425,17961.361999999994,1.77,4519.1838,1627.6659999999997
Mike Pelletier,191980,330,22331.197,3.4,2523.092900000001,2383.0725
Mike Vittorini,103636,326,22336.066999999995,1.38,3810.8581999999997,1035.155
Mitch Gastineau,117980,432,48537.90750000001,1.6199999999999999,9741.914700000001,1213.0770000000002
Mitch Webber,146878,274,19148.43,1.52,-947.438,2931.8990000000003
Mitch Willingham,90280,389,35779.426,0.8,7052.126,2020.862
Monica Federle,105786,338,8384.460000000001,1.25,438.21079999999995,916.166
Muhammed Lee,89544,359,27271.722,0.8200000000000001,6079.6548,933.894
Muhammed MacIntyre,104422,354,9571.833999999999,2.31,-1041.1784000000002,914.05
Muhammed Yedwab,302693,586,66696.71649999997,6.4300000000000015,8290.2189,3106.8974000000007
Nancy Lomonaco,101497,292,22169.7095,0.95,4824.7281,925.3080000000002
Naresj Patel,207270,491,33416.04,1.7500000000000002,8630.338999999998,2900.0640000000003
Nat Carroll,173062,246,10876.6585,1.15,1257.8175,1602.3640000000005
Nat Gilpin,147577,178,8215.993499999999,1.8399999999999999,-14.05649999999999,1092.1560000000002
Natalie DeCherney,154357,84,4452.039000000001,3.8400000000000007,359.49549999999994,799.839
Natalie Fritzler,128126,164,11328.436,3.7200000000000006,-1149.8614,2569.513
Natalie Webber,274272,480,20798.509,5.570000000000001,3399.612999999999,2441.1290000000004
Nathan Cano,126181,209,6503.049999999999,3.99,-1398.3971999999999,905.272
Nathan Gelder,96636,204,15928.828,1.3699999999999999,2405.1393,941.65
Nathan Mautz,204532,691,61377.07650000001,1.3800000000000001,4067.9049000000005,7709.213999999995
Neil Ducich,75903,179,7157.413,1.05,876.7968,767.5949999999998
Neil Franz�sisch,33592,13,377.16200000000003,1.0,85.92779999999999,157.73000000000002
Neil French,73409,274,19448.710499999994,0.79,2014.7,891.9300000000001
Neil Knudson,193492,621,30430.415,2.35,4142.297699999999,1109.5080000000003
Neola Schneider,127758,264,8589.733,3.5100000000000002,619.886,1364.0529999999999
Neoma Murray,169552,309,21568.421,4.44,91.77249999999978,2369.3670000000006
Nick Crebassa,199387,496,53700.145999999986,2.6300000000000003,16027.708000000002,5042.416
Nick Radford,150003,279,15244.457,3.1400000000000006,-707.1587999999997,1608.377
Nick Zandusky,217095,285,17304.123000000003,3.830000000000001,-782.8564,1805.3120000000001
Nicole Brennan,156748,552,44458.4755,1.4000000000000001,-900.4811999999997,3632.6840000000007
Nicole Fjeld,112064,99,2184.502,1.5199999999999998,306.0231,581.568
Nicole Hansen,94616,363,23144.480000000003,1.24,237.44660000000002,1449.2880000000002
Noah Childs,84563,165,9458.3645,2.5700000000000003,298.8789999999999,910.3820000000003
Noel Staavos,295423,661,62056.92099999997,6.630000000000003,14321.528600000003,3853.8910000000024
Nona Balk,204414,342,16047.917499999998,3.6100000000000003,1679.2428999999995,1529.3305000000005
Nora Paige,177671,503,21106.101999999995,1.0400000000000003,1778.7402000000002,1718.4720000000002
Nora Pelletier,124912,296,23877.581,2.04,4657.7317,1700.768
Nora Preis,109174,63,7903.182500000001,2.55,631.2281999999999,1354.9815
Nora Price,167087,675,25399.844,1.2200000000000002,2516.390000000001,1198.94
Odella Nelson,194313,424,14648.331999999995,3.14,673.3009999999999,979.7339999999999
Olvera Toch,123274,503,28452.327500000003,2.35,7050.199699999997,1509.7440000000004
Pamela Coakley,50028,90,2396.7675000000004,1.18,290.045,305.424
Pamela Stobb,205187,302,15487.638999999997,5.170000000000001,2766.899,1324.4850000000004
Parhena Norris,119662,225,33422.23099999999,1.9499999999999997,1026.5495999999998,4122.504
Patricia Hirasaki,29090,149,3305.818,0.5700000000000001,768.4978,312.826
Patrick Bzostek,156672,400,36235.79250000001,1.7499999999999998,8570.925699999996,1472.5880000000002
Patrick Gardner,241690,223,18872.413499999995,4.61,3422.8213000000005,1476.0310000000004
Patrick Jones,249355,759,36406.114,2.410000000000001,609.4954999999997,2182.2500000000005
Patrick O'Brill,196821,313,16444.222699999995,5.050000000000002,418.21569999999986,1950.7954
Patrick O'Donnell,135659,304,16044.323999999999,1.07,983.7532999999999,1378.178
Patrick Ryan,181282,383,24951.488499999992,2.1,6217.6426,1239.3839999999996
Paul Gonzalez,143974,136,2555.054,1.65,251.16629999999998,763.32
Paul Knutson,62112,248,27629.696500000002,1.65,2783.255,1812.9180000000003
Paul Lucas,93878,128,2151.091,2.33,-479.9627,505.59499999999997
Paul MacIntyre,47969,229,15217.842,0.96,2862.9368,965.7140000000002
Paul Prost,328381,355,11740.307499999997,4.29,1747.4053999999999,1969.516
Paul Stevenson,150375,225,16994.0735,0.96,692.2599,804.6130000000002
Paul Van Hugh,151898,241,43715.33600000001,1.41,7965.738400000001,1484.6019999999999
Pauline Chand,70497,555,39405.1155,1.4800000000000004,5703.293599999999,1678.1100000000001
Pauline Johnson,115733,161,7868.944000000001,0.94,59.96789999999995,750.322
Pauline Webber,202448,284,29860.6435,1.3,5146.0169,2122.042
Penelope Sewall,174744,370,20933.542500000003,1.6099999999999999,2231.2796999999996,1869.288
Pete Armstrong,77402,235,14441.5755,1.7999999999999998,2659.3088000000002,739.2439999999999
Pete Kriz,230863,149,9251.723999999998,2.02,2087.1476000000002,1676.5899999999997
Pete Takahito,90288,250,8855.067000000001,3.08,330.1191999999999,312.578
Peter Buhler,29388,175,9281.88,0.28,616.3399999999999,306.04999999999995
Peter B�hler,41990,18,688.324,0.6000000000000001,218.15970000000002,105.22800000000001
Peter Fuller,268486,730,63778.607999999986,2.980000000000001,7649.8256999999985,3569.1040000000003
Peter McVee,74218,126,7025.7919999999995,1.19,153.17370000000003,887.099
Philip Brown,127467,604,66173.7465,2.33,9996.390599999995,3446.9940000000006
Philip Fox,137706,328,16203.410500000002,1.05,2262.8039,1339.2
Philisse Overcash,154805,151,13289.543,2.11,3241.4530999999993,2178.105
Phillina Ober,136075,176,3214.3479999999995,2.21,150.94910000000004,399.2510000000001
Phillip Breyer,31056,154,3032.2780000000002,0.36,380.417,142.796
Phillip Flathmann,146860,288,18492.4235,1.3,1068.5718000000002,1495.2320000000002
Pierre Wener,134074,246,8674.275,2.48,1746.7139999999997,2053.998
Quincy Jones,269292,925,54506.905,2.810000000000001,7395.8067999999985,3555.3679999999995
Rachel Payne,152964,323,19388.925199999994,2.82,2549.7284,808.1864000000002
Ralph Arnett,172447,274,10910.596000000001,3.370000000000001,-196.80179999999973,1164.408
Ralph Kennedy,87878,447,22789.919999999995,1.3800000000000003,5031.108,1788.5040000000004
Ralph Knight,1676,147,10174.915,0.44,2011.74,453.44
Ralph Ritter,33592,7,615.932,1.1,-73.835,346.826
Randy Bradley,88067,165,19415.255999999998,2.2,2401.7837999999997,1348.5980000000002
Randy Ferguson,232718,569,23641.2735,2.9700000000000006,325.5372000000002,1780.421
Raymond Book,164920,567,70426.59000000001,0.9700000000000001,18760.59,2244.2700000000004
Raymond Buch,151164,71,15117.339,1.7,6976.0959,3778.6349999999998
Raymond Fair,58730,353,8270.074999999999,0.53,2039.8700000000001,260.5
Raymond Messe,75582,29,1453.474,0.4,392.1499,416.262
Resi Polking,68189,316,18598.788,0.52,3615.17,494.71999999999997
Resi P�lking,209950,88,5153.084,3.700000000000001,465.2502999999999,1049.1979999999999
Ricardo Block,65849,225,16004.68,0.42000000000000004,-1024.8400000000001,472.94
Ricardo Emerson,16223,192,19610.73,0.52,3903.965,508.122
Ricardo Sperren,75582,29,3221.29,0.0,633.4514,1069.99
Richard Bierner,184601,216,9767.0355,3.0,1110.1699000000003,1224.585
Richard Eichhorn,109301,194,12660.545999999997,1.46,380.3094000000001,612.118
Rick Bensley,240003,399,25419.6855,3.460000000000001,3241.9465999999998,1985.027
Rick Duston,155905,320,35000.241,2.23,5147.983999999999,2512.7479999999996
Rick Hansen,148637,359,12872.0,1.58,173.23769999999988,1450.7740000000001
Rick Huthwaite,122611,122,7395.000000000001,0.5700000000000001,1247.2135000000003,1890.622
Rick Reed,90597,145,35390.681999999986,0.74,12417.562599999997,1764.724
Rick Wilson,319813,631,65422.152500000004,3.8700000000000014,18290.6873,3707.271
Ritsa Hightower,55434,401,55370.4865,2.39,11961.105700000002,2747.766
Rob Beeghly,116857,296,10192.716,1.7999999999999998,-1962.9821,412.3879999999999
Rob Dowd,172266,366,19361.3215,1.02,4347.415800000002,1418.674
Rob Haberlin,135689,636,41155.108499999995,2.2300000000000004,5730.496099999999,2174.869
Rob Lucas,214933,159,11629.999999999996,5.300000000000001,-349.04159999999985,1962.4959999999999
Rob Williams,160468,124,6872.668,2.33,853.9324999999999,1339.4199999999998
Robert Barroso,113620,326,34619.134000000005,1.5399999999999998,11069.239,1609.2180000000005
Robert Dilbeck,72856,189,9019.532000000001,0.71,2043.9820000000002,1089.848
Robert Marley,136924,238,11839.4705,1.01,702.9538,1661.444
Robert Waldorf,141450,254,13193.76,1.42,1180.8402999999998,1141.4550000000002
Roger Barcio,81626,123,3600.4599999999996,1.26,438.56549999999993,694.96
Roger Demir,236204,226,22162.407000000007,3.4899999999999993,-9980.589599999998,7428.367999999997
Roland Black,12927,206,14228.586,0.33999999999999997,2206.8,718.8299999999999
Roland Fjeld,152579,182,5146.226000000001,0.45,1080.5768000000003,806.482
Roland Murray,45260,112,879.37,0.21000000000000002,71.81790000000001,81.17999999999999
Roland Schwarz,117572,54,4159.769999999999,1.6,1206.3851,975.796
Rose O'Brian,119857,244,12400.133000000002,3.92,1149.2984,1188.38
Ross Baird,180892,221,11235.950499999999,4.700000000000001,-697.2732000000002,1497.0620000000004
Ross DeVincentis,143958,176,26721.436000000005,3.1800000000000006,5938.192499999999,885.37
Roy Collins,176396,387,12592.569000000001,1.8299999999999998,1752.5113999999999,1025.755
Roy Franz�sisch,92378,45,945.222,0.8999999999999999,280.02610000000004,205.18
Roy French,5972,155,15290.047999999999,0.22000000000000003,1236.3899999999999,451.83
Roy Phan,274653,422,48716.881000000016,2.8900000000000006,-9019.403200000002,9945.835000000001
Roy Skaria,95601,783,92564.48099999999,1.4100000000000004,1353.5238000000008,3601.7380000000007
Ruben Ausman,144289,277,20893.910500000005,0.94,4136.9556,1896.6860000000001
Ruben Dartt,259189,302,49533.36199999999,1.5799999999999998,11103.4592,2331.534
Russell Applegate,221630,412,37376.559499999996,6.750000000000001,9286.327299999997,2252.1470000000004
Russell D'Ascenzo,104555,100,1898.9445000000003,3.29,-222.30260000000004,309.30299999999994
Ryan Akin,96331,154,6014.778,2.95,149.205,792.2265000000001
Ryan Crowe,127737,191,8954.893499999998,2.33,400.8433,968.2660000000001
Sally Hughsby,328380,615,26226.9855,4.900000000000001,2552.284000000001,2813.209500000001
Sally Knutson,68701,861,39332.69900000001,2.7500000000000004,-784.4967,1495.665
Sally Matthias,65516,275,40518.246,2.04,6849.197299999999,1550.7860000000003
Sam Craven,196634,304,9764.3736,4.310000000000001,-1522.5708,1501.6544
Sam Zeldin,183940,121,4915.331000000001,4.69,351.4203,1349.032
Sample Company A,133794,107,7109.3175,2.9000000000000004,1669.2242999999996,1179.4560000000001
Sandra Flanagan,119436,312,14560.071000000002,1.49,225.1022999999999,828.6180000000002
Sandra Glassco,125073,436,29315.52,1.75,5698.018000000003,2295.6210000000005
Sanjit Chand,194634,377,54496.32800000002,1.9699999999999998,7535.4719,5220.544
Sanjit Engle,175003,156,14106.138000000003,2.27,1698.0668999999996,3626.5860000000002
Sanjit Jacobs,244715,443,19321.075999999994,5.900000000000001,1007.7289000000002,1655.1720000000003
Saphhira Shifley,272915,554,14900.173499999997,3.2300000000000004,1410.9987000000006,1220.8080000000007
Sara Luxemburg,166198,458,19369.58349999999,2.6400000000000006,331.3014999999999,1585.4240000000002
Sarah Bern,64981,122,1977.7199999999998,1.6700000000000002,67.32579999999999,363.3140000000001
Sarah Brown,175194,376,17189.666499999996,2.15,2797.3523999999998,1876.2819999999997
Sarah Foster,151987,410,14158.351499999995,2.46,1223.7345999999998,777.9520000000002
Sarah Jordon,95359,228,9540.376000000002,4.13,-821.8236999999999,700.5640000000002
Scot Coram,113665,281,21147.220500000003,1.6099999999999999,-511.6390000000005,1478.5159999999998
Scot Wooten,98353,92,2720.728,2.89,105.69380000000001,422.92400000000004
Scott Cohen,209074,303,33541.1435,4.1000000000000005,1360.3834000000008,2173.7770000000005
Scott Williamson,63075,161,2818.76,0.36,-117.5275,334.96
Sean Braxton,204538,286,26027.278000000006,4.660000000000001,-1716.8051,3055.036
Sean Christensen,121748,285,16340.230499999998,2.95,1762.2917,1609.389
Sean Miller,152123,298,53314.1075,4.090000000000001,3600.830699999999,5987.320999999997
Sean O'Donnell,182080,506,14108.937999999998,2.790000000000001,2330.5842,1415.7155
Sean Wendt,63325,196,19966.724,1.9100000000000001,1604.0283,1066.544
Seth Vernon,279787,461,50448.76100000002,5.660000000000001,1348.2842,4091.5620000000004
Shahid Collister,183905,233,17720.988999999998,4.04,2374.6215000000007,1752.7960000000003
Shahid Hopkins,136595,300,6785.942000000002,3.7300000000000004,215.56709999999995,891.88
Shahid Shariari,127144,541,32843.63650000001,4.02,-1456.9438,2378.0930000000008
Sharelle Roach,98467,130,7968.744999999998,3.42,-2029.2944,904.9640000000002
Shaun Chance,167689,281,14623.136000000002,3.3600000000000003,2246.7510999999995,1192.0439999999999
Shaun Weien,87258,241,14734.724000000002,1.3299999999999998,2817.7148,1891.1999999999998
Sheri Gordon,163540,451,24784.9255,2.67,3670.3194999999996,1228.9980000000003
Shirley Daniels,195560,214,19018.604000000003,2.4000000000000004,3791.5271999999995,2611.568
Shirley Jackson,102775,253,6652.540000000001,1.26,739.2162999999999,488.028
Shirley Schmidt,67224,195,7668.1155,0.25,-260.6255000000001,308.44
Shui Tom,175535,285,28105.78,2.7800000000000002,7223.0319,1581.338
Sibella Parks,194566,415,18863.955,3.120000000000001,2750.4543000000012,942.0499999999997
Skye Norling,135349,367,13571.248000000003,3.01,1515.6335,768.5600000000001
Sonia Cooley,98406,197,10988.798,2.62,-2781.0547,378.523
Sonia Sunley,99953,652,44667.31900000001,1.4600000000000004,3819.4601,2734.04
Speros Goranitis,154446,207,15664.172000000002,1.7699999999999998,2149.439,1364.3400000000001
Stefania Perrino,240287,271,17772.828499999996,6.270000000000002,1389.9517999999998,1986.8640000000005
Stefanie Holloman,31219,91,10547.47,0.56,220.6858,777.516
Stephanie Phelps,224598,332,26943.980000000003,2.9,5660.218199999999,2045.04
Stephanie Ulpright,196783,334,30494.236500000003,3.130000000000001,1734.0918999999997,2339.457000000001
Steve Carroll,78638,253,8287.118999999999,0.4,956.0777999999999,586.3399999999999
Steve Chapman,194151,444,45449.39799999999,2.9800000000000004,8183.9991,1954.3719999999998
Steve Nguyen,240855,598,26770.771200000003,3.0200000000000005,4044.5898999999986,1792.9924
Steven Cartwright,243746,307,9047.908000000005,4.190000000000001,173.7513000000001,1350.4980000000003
Steven Roelle,168822,372,25454.2435,0.9000000000000001,-1380.0056,1931.3380000000002
Steven Ward,102690,194,21000.196,1.04,7434.3516,914.3060000000003
Stewart Carmichael,178230,129,5627.537,6.520000000000001,-760.1574,1512.4600000000003
Stewart Visinsky,237382,195,12390.240500000002,5.000000000000002,512.8772,1667.557
Stuart Calhoun,78062,229,19024.8975,0.98,1631.1851999999997,865.694
Stuart Van,75866,201,15311.980000000001,1.5199999999999998,729.4202000000001,655.172
Sue Ann Reed,226840,305,11690.158500000001,4.550000000000002,1507.5396,1397.9255
Sung Chung,87954,255,10180.916500000001,1.06,2573.4057000000003,445.5299999999999
Sung Pak,262049,314,24629.095999999994,5.490000000000002,4430.172600000003,2011.21
Sung Shariari,182234,255,5949.245999999998,4.11,498.7040000000003,802.2259999999999
Susan Gilcrest,63585,167,5757.4304999999995,2.2,1634.3227000000002,203.806
Susan MacKendrick,96299,293,25172.880999999998,2.09,3517.2515000000008,1055.977
Susan Pistek,151440,166,13159.927,4.19,1543.0324,1500.141
Susan Vittorini,117467,391,21049.861000000004,3.62,3024.431200000001,1914.897
Suzanne McNair,246974,321,26890.570000000007,3.450000000000001,3765.6041999999993,2540.328
Sylvia Foulston,163442,773,92212.29250000001,6.340000000000002,5681.8351999999995,5294.0729999999985
Tamara Chand,120931,238,26728.427999999996,1.79,6526.2839,4306.025999999999
Tamara Dahlen,153179,280,28728.777000000002,4.380000000000001,-365.48029999999994,3227.2760000000003
Tamara Manning,250749,349,36094.8795,1.6,5111.941299999999,2068.0220000000004
Tamara Willingham,211818,441,35774.38,1.9299999999999997,-8500.899500000001,5580.041999999996
Tanja Norvell,204321,623,40576.77999999999,3.5100000000000007,1511.6748000000002,2364.3940000000007
Ted Butterfield,158617,155,3999.1529999999993,1.15,731.4812999999999,622.4129999999999
Ted Trevino,130735,177,13436.415999999997,1.9699999999999998,1027.3067,2055.654
Thais Sissman,122845,477,22680.288,2.58,-997.7555999999998,916.9110000000002
Thea Hendricks,106382,221,9881.8715,1.51,518.6374999999999,1243.0379999999998
Thea Hudgings,121599,338,11027.831999999999,2.65,93.08609999999999,1081.287
Theone Pippenger,150796,354,19677.786,2.19,-271.01389999999975,1900.884
Theresa Coyne,44530,157,9057.609999999999,0.27,655.7432,460.17
Theresa Swint,231268,534,15282.933999999996,4.950000000000001,-170.52559999999994,1844.934
Thomas Boland,121288,265,17749.9685,1.6599999999999997,1916.0235,1325.274
Thomas Brumley,53526,187,9635.738500000001,0.47,-108.5262,497.75100000000003
Thomas Seio,161180,261,18235.160000000003,3.2400000000000007,2282.1776999999997,1962.774
Thomas Thornton,194407,335,12508.1055,3.6900000000000013,2420.6170999999995,774.1600000000001
Tiffany House,121315,57,1640.1209999999999,2.8200000000000003,2.5189999999999824,371.16499999999996
Tim Brockman,227849,337,25255.892499999994,5.080000000000001,4227.355500000002,1429.0120000000002
Tim Taslimi,74243,191,12771.2925,0.32000000000000006,1177.2962,672.89
Toby Braunhardt,93344,124,3258.7920000000004,1.32,489.6567,585.598
Toby Carlisle,179216,217,19336.853,2.7,4432.462700000001,1864.4499999999996
Toby Gnade,75582,30,3058.3720000000003,1.9,682.1704,1908.3040000000003
Toby Grace,32445,153,18129.8615,0.24999999999999997,6324.2,702.48
Toby Knight,36274,137,4873.847000000001,0.22,409.90999999999997,326.78
Toby Ritter,58786,22,675.942,0.2,220.3644,249.82399999999998
Toby Swindell,199031,380,14064.567999999997,4.0600000000000005,-1809.9389,938.8539999999999
Todd Boyes,152925,515,33904.938500000004,1.67,8339.936999999998,1428.334
Todd Sumrall,142456,113,15118.730499999998,1.9300000000000002,2329.5144,3287.266
Tom Ashbrook,147012,252,27018.491000000005,1.25,6722.4682999999995,3944.1380000000004
Tom Boeckenhauer,205938,273,19853.969,1.6999999999999997,4182.3889,2916.9500000000003
Tom Prescott,154721,313,14090.644799999998,5.28,-1807.2698,1169.7544
Tom Stivers,111427,454,18896.831499999997,1.67,3116.5616999999997,988.8460000000001
Tom Zandusky,25125,76,5186.99,0.32,81.23000000000002,336.38000000000005
Tonja Turnell,233318,443,51153.478,2.33,6873.4699,2521.882
Tony Chapman,110988,286,42265.603,3.3600000000000003,895.634,4361.983999999999
Tony Molinari,85611,292,13096.758000000002,0.6700000000000002,-801.2189999999997,925.7780000000001
Tony Sayre,312086,741,32103.828999999998,4.080000000000002,3757.1279,2277.4720000000007
Tracy Blumstein,228096,332,17787.144499999995,5.730000000000001,430.9148999999999,1379.528
Tracy Collins,183725,484,29577.214,2.03,7650.813000000001,1673.96
Tracy Hopkins,150820,246,16087.613500000001,1.26,1319.1021999999998,1579.3390000000002
Tracy Poddar,128511,279,11149.313999999997,3.1500000000000004,2589.7087,1026.052
Tracy Zic,115662,210,20725.936000000005,1.18,3016.6787,1748.48
Troy Blackwell,129443,470,27572.150499999992,2.5300000000000002,4644.3509,1305.2469999999998
Troy Staebel,136699,306,11243.234000000002,4.79,-1210.8981,928.4680000000001
Trudy Bell,67257,276,3948.658000000001,0.38000000000000006,99.33999999999997,203.77999999999997
Trudy Brown,187550,316,7582.258,2.55,1141.0919999999999,867.1079999999998
Trudy Glocke,83980,50,2074.661,1.3,365.7205,376.511
Trudy Schmidt,125513,221,8797.083999999999,3.07,1254.7163,1244.1779999999999
Valerie Dominguez,179646,333,13494.374,1.6499999999999997,2404.7873999999997,1775.056
Valerie Mitchum,119916,233,15366.2975,1.5599999999999998,2943.8369000000002,1047.8980000000001
Valerie Takahito,189998,518,41253.666499999985,3.8900000000000006,7711.9910999999975,1862.4010000000003
Vicky Freymann,102858,259,21797.432000000004,1.21,3550.9519999999998,986.572
Victor Preis,41990,18,993.9019999999999,0.2,205.38880000000003,321.80400000000003
Victor Price,30284,78,6329.3885,0.34,1059.05,316.26
Victoria Brennan,175570,288,11017.016000000001,2.18,1752.2098000000003,857.3819999999998
Victoria Pisteka,245160,543,22974.889000000003,3.33,2579.1631999999995,1453.8399999999997
Victoria Wilson,193567,540,49094.71800000001,3.69,3051.4254999999994,3282.9919999999997
Vivek Gonzalez,86360,139,7900.7,0.8900000000000001,-582.6031999999997,617.8580000000001
Vivek Grady,144249,568,27574.397500000003,1.9000000000000001,3071.2169999999996,1228.6380000000001
Vivek Sundaresam,92908,208,13211.508999999998,4.32,-1737.3893,809.129
Vivian Mathis,114487,384,29801.579999999998,1.61,1822.5272999999997,1200.036
William Brown,435756,701,45032.692,8.540000000000003,6600.781099999997,3642.498
Xylona Preis,235144,100,2374.6580000000004,1.3,621.23,727.9870000000001
Xylona Price,56614,374,18037.0855,0.6,1124.2199999999998,764.6
Yana Sorensen,130792,211,8707.603999999998,0.8200000000000001,1516.7622999999999,1350.6200000000003
Yoseph Carroll,141169,307,15989.668000000003,1.0899999999999999,2050.299,1916.1539999999998
Zuschuss Carroll,260338,105,8025.707000000001,7.9,-1032.149,1828.6919999999993
Zuschuss Donatelli,75582,32,1493.944,1.0,249.1307,360.49800000000005
